id,rent_price
7000,2422.8243239579137
7001,2701.2203018114897
7002,3932.940856336388
7003,1107.4127905072464
7004,2434.2926539861273
7005,1694.7307038094557
7006,3271.3593214724815
7007,2153.9682613245263
7008,2017.0698456272387
7009,3160.2705699266253
7010,4220.682861665293
7011,3122.064201551899
7012,2297.2712397915543
7013,2494.018693204212
7014,2782.004967733862
7015,3858.976962697047
7016,2612.965885677689
7017,3572.4560172440956
7018,4151.779563792718
7019,3231.4405865997364
7020,3684.0865763487564
7021,1375.8570987266564
7022,2223.534857047551
7023,2547.909231228864
7024,3785.880876490523
7025,2927.0200255749282
7026,3065.2801503424425
7027,2678.585379095394
7028,3901.3900879277253
7029,2900.9380043212695
7030,2568.585866154498
7031,4220.490750918748
7032,3596.4724833613977
7033,2388.502799550775
7034,4033.3033450352227
7035,2697.378989917474
7036,1526.5291549923345
7037,3807.8643139768096
7038,2932.393114589478
7039,3481.4684067653484
7040,3657.5943414631142
7041,1833.9838512072108
7042,1626.0656811264566
7043,3304.178775357308
7044,2440.681547757024
7045,2365.3610488672907
7046,3833.2880280509903
7047,1578.2054646190222
7048,3731.3210716958683
7049,2138.212361930651
7050,2380.2486913729035
7051,3044.1883124065544
7052,1979.3999885955607
7053,2400.1240250321684
7054,3256.283486090566
7055,2975.1089389897747
7056,2079.50390382441
7057,3590.39613789063
7058,2262.413999177513
7059,1266.7105172124454
7060,2557.651460376056
7061,1963.0672354355363
7062,2447.433439400172
7063,4259.896421937134
7064,1751.2717305809065
7065,2211.626730586619
7066,2314.3780049246616
7067,3975.1723395057347
7068,10019.839516077707
7069,4056.4245053202512
7070,19404.15303501435
7071,1914.8337540780155
7072,2179.9612631233927
7073,2452.0093362037096
7074,1708.1637077611524
7075,2556.3866290577294
7076,2392.680646950946
7077,2056.8458071334217
7078,3113.9535489645737
7079,2802.612164474482
7080,2490.9117625888903
7081,1938.3580574475457
7082,4734.492622581683
7083,2830.659300700302
7084,3140.201467733812
7085,3090.318528611176
7086,2089.1330656576597
7087,3325.8621310104377
7088,2312.8222203537275
7089,2380.6946579099663
7090,3434.940770728287
7091,2108.3963068544385
7092,2924.8110969513586
7093,2374.93285379872
7094,1601.686654037247
7095,2198.661074295088
7096,2103.7041688454233
7097,3203.158527392956
7098,2883.92507425838
7099,1989.4828804615536
7100,1731.5344518544046
7101,3020.6757090864344
7102,2343.7673296735607
7103,1116.4153187284453
7104,3869.0427907403505
7105,4136.880127767473
7106,2939.334350162706
7107,3847.54528198962
7108,1965.7454110565448
7109,1244.4488242723544
7110,2678.233366760934
7111,2629.075616655396
7112,2440.315945124694
7113,1444.5707303840197
7114,3363.475674230689
7115,2095.395737051636
7116,1998.9881080209448
7117,2182.252537335772
7118,3431.0934766362907
7119,2650.6420260246855
7120,2075.811839058761
7121,1886.8689290657906
7122,3191.936701366739
7123,1653.043941235956
7124,2061.2392895280964
7125,1788.9175853959634
7126,3496.4129162260842
7127,2379.752461009515
7128,1829.0337542228895
7129,1780.4774839906386
7130,2418.1114294421495
7131,3189.6200739939577
7132,3196.60454870934
7133,4310.029835219562
7134,1046.2689456173177
7135,4006.3515401263166
7136,1861.4078572698822
7137,2141.230125144473
7138,2055.708172353995
7139,3669.483607692028
7140,2625.7148789531734
7141,2115.8463238671297
7142,2118.3795141489654
7143,2475.092687560064
7144,2314.462375746088
7145,2054.134503798585
7146,3854.465886895596
7147,2149.836082672389
7148,2170.1626603489985
7149,2812.8069187587434
7150,2121.676014398093
7151,1830.6007027566952
7152,2012.6705285135786
7153,3091.707784322639
7154,1805.7561604316784
7155,3814.0963987963023
7156,1285.3527640227376
7157,3163.6827536292976
7158,3102.0704458756227
7159,1854.5637579466961
7160,1720.1617683320596
7161,2502.600825202493
7162,2259.9301380446623
7163,3029.2759551572144
7164,2292.592620876029
7165,4209.29167069264
7166,1959.2069156635691
7167,3746.889646673258
7168,2450.1479914627416
7169,3326.5359671956594
7170,2121.998355649322
7171,1847.5360151972225
7172,2122.7139364847835
7173,3460.400763483414
7174,3758.288415704985
7175,1986.267139793536
7176,2017.9224441604915
7177,1913.5818802745325
7178,2983.1746706145045
7179,2081.3523221030837
7180,3536.5687596801677
7181,3542.68630010201
7182,1492.4762341154164
7183,2953.9975953644644
7184,2082.4658995387595
7185,1799.4105376237314
7186,2424.8132666258575
7187,2658.340668740645
7188,2768.4548378124837
7189,2164.991926968019
7190,2669.4048692759366
7191,2280.1729888777936
7192,2266.8982047337527
7193,1800.1431765578707
7194,4740.920370788417
7195,3926.398939563003
7196,1568.358654445134
7197,2181.4155634473786
7198,1941.7989795771105
7199,2199.8706368070675
7200,2059.5475726650366
7201,2384.5024165654213
7202,2527.6110388918464
7203,2682.289843979078
7204,2656.764115683981
7205,1975.9636447741516
7206,2022.2958642202007
7207,2456.7228558843844
7208,1730.3524951387233
7209,2031.4807971159958
7210,1128.9097891775507
7211,2158.056525465361
7212,2166.6133610532897
7213,2067.653857808721
7214,3954.2188217471266
7215,2322.7564076889107
7216,3801.3223284116857
7217,2206.3553928826595
7218,24351.29285243664
7219,2604.981203661518
7220,4186.088216032242
7221,2140.103931440781
7222,3545.815313587838
7223,2232.0465628138904
7224,2718.789952764515
7225,12747.36670787952
7226,3660.1693378111345
7227,2211.956365717014
7228,3702.3561310519717
7229,2115.926974498676
7230,2711.3438520962222
7231,3344.249898276549
7232,3928.424600951511
7233,2445.9546770932093
7234,1979.322902826203
7235,3563.2562845624784
7236,3445.843415375013
7237,2834.5828309564813
7238,2267.828086720524
7239,1721.9645117318917
7240,3758.870309715264
7241,2054.5423899226007
7242,3867.9929546876147
7243,3652.687796329033
7244,4185.559936184339
7245,2742.5798173011426
7246,2530.3534223470506
7247,3784.6340192496664
7248,1116.9520859150512
7249,2540.6052661331837
7250,2614.331915577963
7251,2211.1348117974753
7252,2571.705278967779
7253,3204.8453856869396
7254,1073.0717426067251
7255,1474.0698184659952
7256,2166.926107125476
7257,3337.945274282102
7258,4624.895058898319
7259,1623.7082330034266
7260,1472.596907782492
7261,2884.7575723613295
7262,2733.0452811399614
7263,2036.654527049207
7264,1733.6395101184019
7265,2415.211002594428
7266,2831.8279249585726
7267,3741.6235143823774
7268,3715.676464452347
7269,2283.942947313454
7270,2932.630662641947
7271,2564.433307206008
7272,2139.7360375225207
7273,2191.7833219838676
7274,2094.5691884882917
7275,2988.8996465086743
7276,3698.6936220386883
7277,2771.670555702974
7278,4306.519968363428
7279,2717.9529741980577
7280,2539.7010577027586
7281,2081.4429852664402
7282,2282.792701483121
7283,2142.480694756417
7284,3442.93525916644
7285,2224.5589447256457
7286,2413.3253434360795
7287,2205.322201754242
7288,2449.4352921144864
7289,2634.438933652037
7290,3253.2204834157337
7291,3982.1097236969354
7292,2958.481837897658
7293,2486.836969794873
7294,3938.970348052283
7295,1886.6490237699277
7296,11004.028816679287
7297,3996.1174952722595
7298,2838.1236267781865
7299,3591.5263389852926
7300,3004.8548990338754
7301,2535.8788655926423
7302,1247.6910100573798
7303,11919.245457897474
7304,2028.3914229812544
7305,21974.316502630783
7306,1945.414718744831
7307,2230.0844179474166
7308,3253.055462746666
7309,1892.0019068796903
7310,2177.5233253070446
7311,2189.493716890672
7312,1553.3479011537831
7313,2237.989902362008
7314,1717.3204144565607
7315,2149.931751620891
7316,4247.534516831258
7317,2435.589259555151
7318,2021.4112249349691
7319,2314.239753585155
7320,2725.2207851446387
7321,3741.9412541416364
7322,2700.1928297700438
7323,2255.463010244956
7324,3845.022136973959
7325,3087.9323573634647
7326,1276.9147565545509
7327,2305.309675236738
7328,3015.3556612165426
7329,2425.500283594925
7330,2018.933067834162
7331,4899.263303778543
7332,3059.2261590296166
7333,3684.104113647394
7334,3146.716094622743
7335,1822.4425670473402
7336,4061.3350454554306
7337,2639.05357126265
7338,2380.4572196081363
7339,2320.375757807688
7340,6174.065893837499
7341,2408.829999591645
7342,2110.90410843208
7343,4100.342807711721
7344,1488.3338439590323
7345,2112.992624292547
7346,1398.1466268739516
7347,2029.9112078659668
7348,3958.028909974518
7349,2613.6518614797374
7350,3822.38340324952
7351,1252.2093319534015
7352,3909.066336625603
7353,2135.6818929485908
7354,1658.5020395523786
7355,3348.1327910761156
7356,3482.774026174592
7357,1489.5643737689513
7358,4326.650927487614
7359,2227.582290385273
7360,22415.91995791824
7361,2713.746407699049
7362,2345.928482065603
7363,2135.378187389096
7364,11689.697632707557
7365,1894.5655887329267
7366,1411.185573118
7367,3309.4542989309857
7368,2561.6173182683115
7369,2062.136845557431
7370,2273.26949201974
7371,1228.8850548086486
7372,1281.6654480559932
7373,3459.775679785041
7374,3926.6561503850007
7375,1959.8205828256062
7376,4537.169510087033
7377,1511.9656177145475
7378,4182.434858336087
7379,2668.6984060490963
7380,15187.014098204318
7381,1992.09742461003
7382,3069.409335126449
7383,2301.3340575686125
7384,2419.572388614068
7385,2576.0184886001157
7386,2284.919936354303
7387,1407.605201448948
7388,2978.750796462757
7389,2881.2249167521113
7390,2299.8431076931165
7391,2846.1888436590098
7392,2968.031187516064
7393,7482.7749881513055
7394,2561.0953978026796
7395,2575.1305793127667
7396,2612.0533972979233
7397,2173.9662926760393
7398,2424.4812096167425
7399,1372.5027304013586
7400,4197.899520940874
7401,1822.0820394706277
7402,2341.685565073744
7403,3254.019558133813
7404,2325.14055554234
7405,2600.7134205899893
7406,1893.0423128558773
7407,1263.1096914053398
7408,2063.490182787878
7409,4470.905622404304
7410,3402.630331226957
7411,3806.0095132625333
7412,21513.670882152765
7413,2379.072412873017
7414,2229.0478285653785
7415,2322.2707265938675
7416,1755.1086642563014
7417,2166.2415759274395
7418,3409.7359574867523
7419,2003.8771666261912
7420,2496.0327102728097
7421,1103.7564146934687
7422,3997.5916025463853
7423,2762.4696054780843
7424,2048.4169439853054
7425,2254.9308317755795
7426,3128.9179975591483
7427,2984.006339678884
7428,2922.341977688636
7429,1773.5785764758166
7430,3845.8913880088735
7431,2269.890358881375
7432,2663.722294280213
7433,2406.1606688107922
7434,1998.3505402074077
7435,11159.238997619874
7436,2397.6267511444066
7437,1715.6725006224767
7438,2106.1306156757864
7439,3300.710811614866
7440,2651.7523494084626
7441,2383.8175441064964
7442,2382.9661742443077
7443,1586.2381084408673
7444,15035.328291772343
7445,2378.9675910715528
7446,8580.20822256188
7447,2197.521879747426
7448,3035.2768166655683
7449,2733.6940261408213
7450,2850.2937389275935
7451,2363.4934796960515
7452,2677.474819931702
7453,1780.4202743781682
7454,2153.5022852466905
7455,1900.2832649808636
7456,2753.4226869627896
7457,2099.9392940502285
7458,2620.8598641821036
7459,2586.9242581468193
7460,2188.8420895746617
7461,2631.294639079434
7462,2154.9318083941807
7463,2188.324257351843
7464,3662.0055317692704
7465,2170.4775516023215
7466,15247.122300568757
7467,14506.235724476612
7468,3752.8115265105043
7469,2934.819152504083
7470,1985.734435844943
7471,3195.217759587406
7472,2071.913768387428
7473,3389.3716028264844
7474,2629.6336849062855
7475,2145.3898289914832
7476,2869.131369791172
7477,1847.2258178172913
7478,2135.412779386351
7479,2580.4346169068976
7480,2358.9523388787015
7481,11152.682618891318
7482,1827.7621967555385
7483,2940.022965095543
7484,1914.088158917102
7485,3415.6784760178716
7486,3619.7710981820014
7487,3281.885073039429
7488,3691.983639167188
7489,3385.516175240635
7490,2391.8412666210706
7491,2866.064858044639
7492,1917.1791218668673
7493,2819.3393811237756
7494,3429.937934529174
7495,2630.1994657073787
7496,2033.4491435322575
7497,3653.487751888611
7498,3426.913304918725
7499,1975.6358047785202
7500,2492.4043412004667
7501,3892.2719528585967
7502,3253.0107863202948
7503,3624.808331486941
7504,2179.17776116335
7505,2442.5884488011966
7506,2451.351946239844
7507,10266.829506381358
7508,14926.363984897076
7509,2558.077806740389
7510,3725.6562523142197
7511,2164.4867828956994
7512,4548.289940360909
7513,2767.0530495881126
7514,2217.611534178912
7515,2032.2317998240187
7516,3528.512958932225
7517,2888.9090523808545
7518,2336.430726783889
7519,2217.072135516158
7520,1686.8680163765655
7521,3040.3476063247795
7522,2493.84580306311
7523,1230.9347864889858
7524,3705.9648323293136
7525,2239.3829024964416
7526,16771.378569749424
7527,1693.1230447591786
7528,1905.6266593110183
7529,3758.280953965386
7530,3281.906719248443
7531,1952.1751057544561
7532,1890.7878322680672
7533,2526.5920827684067
7534,1259.2864631521925
7535,1809.2436260508387
7536,2992.0067058483232
7537,2597.9500539446203
7538,2369.228557144554
7539,3039.122308597079
7540,2657.427569738293
7541,2700.2551252662556
7542,2418.1995319886823
7543,2523.227627560293
7544,2424.821277390486
7545,2333.227022054485
7546,2201.7628340134506
7547,1730.6440902328259
7548,1987.001732331358
7549,3866.5639130578124
7550,2537.8533637296923
7551,8049.651260961863
7552,2727.8160551823166
7553,17322.7416716213
7554,4375.6896313802945
7555,4115.983397715793
7556,3976.5765758885145
7557,4246.227633732415
7558,2315.333251473657
7559,2635.7002600389437
7560,3921.3792065802168
7561,1816.86895205048
7562,2554.9019498010257
7563,2754.1891233460806
7564,19161.443363221795
7565,2804.7685541421292
7566,2601.313467072363
7567,2197.7564688534203
7568,3153.1545026395647
7569,2066.281912991958
7570,2744.384040450997
7571,2671.9338592377435
7572,4520.752216695493
7573,2265.0013806994093
7574,1940.4984274067435
7575,2693.189849067336
7576,3492.9315262116475
7577,1009.4991459836722
7578,1502.0050858884304
7579,1336.9653078573358
7580,2390.5491308645346
7581,2206.2668082229347
7582,3241.7932379802705
7583,2595.5298858252972
7584,2460.9177984210064
7585,2359.814547888833
7586,2574.7801508961675
7587,1921.254165910428
7588,4139.7115983508775
7589,2633.2160879545477
7590,2120.8858773129855
7591,2389.1360419949456
7592,1647.1521349129962
7593,1979.5944628659663
7594,2367.8933223386725
7595,2216.47110745601
7596,3616.6757066410073
7597,2056.097680529483
7598,1742.9915413191761
7599,2706.875151375907
7600,2177.977204975588
7601,2233.209034450974
7602,2559.798161856534
7603,1591.5179469035209
7604,4405.498055182654
7605,2267.978608475038
7606,4289.462955722212
7607,15686.120196131345
7608,2088.8479454480553
7609,2525.831991339833
7610,2875.998858425126
7611,2064.5569010405206
7612,2510.5443741753616
7613,3608.288398299418
7614,16560.862918930237
7615,2881.0097166169235
7616,1617.8851403180104
7617,2361.2968462556532
7618,1208.506606310054
7619,3458.5268615478244
7620,1083.019721448314
7621,2298.0919426162086
7622,3226.9517022169944
7623,3360.2203055475347
7624,2805.3098143640327
7625,6782.227664302402
7626,3367.462698845049
7627,1654.9388519346592
7628,2728.9954677854125
7629,2078.1512485225394
7630,2198.3760957216186
7631,2578.67440718668
7632,2042.7726637760043
7633,2261.120734387696
7634,2125.8973613887865
7635,2057.7227497621016
7636,2272.647542528435
7637,3522.6815579580098
7638,3914.528655707825
7639,2225.742145595246
7640,2325.9013435326315
7641,2502.0691539447857
7642,3110.076690721767
7643,1911.505014474234
7644,2646.9239419056294
7645,2667.816549933824
7646,3300.97441095335
7647,2936.70112550027
7648,2315.6334967327566
7649,3503.4172219719617
7650,1058.3665114826392
7651,2664.799433280524
7652,7416.038050255934
7653,12548.504513040069
7654,1707.580546038583
7655,2053.4912296751404
7656,2524.1035043013135
7657,13438.833680782473
7658,2136.223818012118
7659,2365.0157058969676
7660,1944.8126767652493
7661,2210.4147686180904
7662,3664.000801567852
7663,1868.5283823779544
7664,2594.182437369507
7665,2603.5986223158225
7666,2537.783838450202
7667,2447.0185498762603
7668,2150.045788112307
7669,14878.490409969836
7670,3574.400227404121
7671,2267.9211695058143
7672,20094.593965464042
7673,1820.197676408659
7674,2062.3404651433543
7675,3019.006739420794
7676,2381.6727491325555
7677,1992.6850820867448
7678,2258.963361224217
7679,2334.980385529765
7680,1161.3642269332456
7681,2434.6385333164917
7682,2185.3520153689415
7683,2744.155883570436
7684,1277.8972754540246
7685,2167.0532995731287
7686,4186.809589962911
7687,1955.2971933446206
7688,3385.350410255647
7689,1933.2509515326235
7690,1873.756839475525
7691,3070.1505842104034
7692,2181.020900137217
7693,14769.263627493521
7694,2257.452681629366
7695,1243.8973742480816
7696,3265.692366657448
7697,18197.413426428953
7698,2361.927891977982
7699,2333.628752607552
7700,3255.538303186585
7701,3005.937895732929
7702,2314.6164045509795
7703,3371.578947741369
7704,2174.513309706497
7705,2881.7774666558644
7706,2801.9424157915105
7707,3288.0235171648096
7708,3860.342882104515
7709,2169.2878252654423
7710,4024.26067335888
7711,3911.51535576369
7712,1891.3446556497668
7713,4128.189555818592
7714,2858.756066397851
7715,1955.8677652169818
7716,841.164294563403
7717,3202.546656443731
7718,2157.9884650603426
7719,3931.329082416339
7720,2181.944736001928
7721,2289.6378167734715
7722,2622.8503784969275
7723,2951.800134148298
7724,2798.255309603426
7725,3738.47157012615
7726,14157.210187273937
7727,3200.5031617268537
7728,2571.2902088399774
7729,2487.1134719176207
7730,3943.373103547311
7731,2479.6221762568557
7732,2580.818208233995
7733,4023.5876969259502
7734,17822.834790802983
7735,2124.4030601848467
7736,1385.307577102192
7737,2238.4112486820636
7738,2680.880671335329
7739,2800.4168153327746
7740,2906.5462194158695
7741,2208.3767352570144
7742,1645.995102607007
7743,3913.0751449627496
7744,2519.4424291088358
7745,3782.8769174446616
7746,1826.0268970020848
7747,2283.9423996333066
7748,2722.4380680907975
7749,2615.0650605757924
7750,2288.7519512136537
7751,1739.775064101059
7752,2149.9215921079667
7753,3354.206436446225
7754,1433.8341024262677
7755,3738.261862925639
7756,2948.5810992956576
7757,2506.627472655003
7758,2240.2717315721857
7759,4054.4944243648247
7760,3597.9362389165995
7761,1340.6564212115343
7762,2188.1015508191185
7763,2815.8603486222473
7764,2623.4821874366185
7765,2796.272138916819
7766,3558.5607046737955
7767,2115.1662898734653
7768,2020.8120666839027
7769,2115.042762288922
7770,2470.8753525985103
7771,2174.2404659950153
7772,1033.4155670299403
7773,2466.3156881495256
7774,2908.538221290686
7775,4032.644216308894
7776,3034.4623102501305
7777,2350.3117587488246
7778,2441.3020701869114
7779,2375.786916411007
7780,13894.35069328807
7781,2790.1881499034594
7782,3062.653080819568
7783,7261.828379798873
7784,2103.646273421877
7785,2948.9656320622007
7786,2153.0971178826135
7787,2015.1345033721443
7788,2570.4230895650085
7789,3026.5091539262407
7790,2242.6864485505384
7791,2439.2256941144565
7792,2179.695456901201
7793,3904.5386263118253
7794,923.4316803762534
7795,2369.571528525318
7796,3497.9358598135286
7797,3110.8825711944455
7798,2387.143512602332
7799,2457.7386738153714
7800,1844.8481370358088
7801,3204.8438157039923
7802,3270.0247765673557
7803,3048.3479172319844
7804,2709.5371283293975
7805,2052.07431421823
7806,2232.9750890840537
7807,4232.791618058132
7808,2602.9069702779407
7809,3452.0142186869407
7810,2100.0940113069087
7811,2091.2448709248292
7812,2546.123905323411
7813,2906.9692308837284
7814,2885.16746289948
7815,1334.4500608742196
7816,3370.9336532300767
7817,3319.15497606116
7818,16484.103046683114
7819,3343.25909367017
7820,1927.5723186074401
7821,2325.274828935205
7822,2676.4591932487233
7823,2690.167870333069
7824,1845.2994352018673
7825,3267.5026994632253
7826,2004.7412929723137
7827,2061.053875682417
7828,1616.7381989655241
7829,2436.757046929193
7830,3417.7671996660797
7831,2004.651075086462
7832,2643.678001574994
7833,1167.5386611464885
7834,3836.1096083612642
7835,3180.5587051004213
7836,3284.3821930036843
7837,2754.9746045405145
7838,2624.746478327016
7839,3655.115313853975
7840,2757.381450635181
7841,3063.120853686218
7842,2303.360009060734
7843,4008.6839706491537
7844,2457.203277709983
7845,2001.2303790570627
7846,2667.0348789887425
7847,2130.7897817942326
7848,3181.69598410347
7849,12508.493572114108
7850,1177.9654851051255
7851,3749.6410548459758
7852,2526.141876813662
7853,2557.0552780398352
7854,2986.6909330933922
7855,3958.9441783269963
7856,2453.1969699532524
7857,1881.0905724517586
7858,2467.191582594738
7859,3435.2700348705957
7860,2312.6402541009134
7861,2258.1954464104147
7862,2406.9120677638257
7863,2126.9047838778
7864,3678.20255085741
7865,4151.805725379451
7866,3111.0503381305984
7867,2795.1064520895243
7868,2385.3744208810026
7869,3739.7915255694566
7870,2619.3335755657013
7871,2005.6348646011686
7872,1940.9374364503149
7873,2082.362725076357
7874,3967.6864836601712
7875,2477.4212224001503
7876,3486.949003367836
7877,1374.572992021015
7878,2732.239045629816
7879,3756.995435113875
7880,3069.8815911028196
7881,1577.0174273921536
7882,2822.4424802974495
7883,2059.39956533414
7884,3173.8489206214426
7885,1288.8577333596395
7886,2393.376473214054
7887,2576.475651319793
7888,3785.187434430531
7889,2240.892133170064
7890,2525.2457019709486
7891,2248.7827821369196
7892,2293.5152607261184
7893,2174.459123713126
7894,15862.02949540289
7895,2896.485694781901
7896,3634.3168854207197
7897,2431.9755901028707
7898,3248.0351836332293
7899,1525.1989403346338
7900,2671.022395617591
7901,3052.173861249772
7902,1896.3536508902039
7903,3056.380671636409
7904,1215.5579907100596
7905,3025.3151910334486
7906,2975.0239984898253
7907,2182.4166228740114
7908,3794.7650958285117
7909,2326.9215733219858
7910,2807.2583921715895
7911,2553.8485392084317
7912,3306.808583415165
7913,2628.888883731124
7914,2167.2182097990235
7915,2571.611562894236
7916,1937.8284256095947
7917,2403.1486832004034
7918,3062.55092020708
7919,12831.89954807444
7920,3832.0686815184313
7921,4261.086651294581
7922,3053.024195252286
7923,2330.8477800177243
7924,2612.771007521512
7925,15090.948274931721
7926,4057.227481377513
7927,3331.918717137786
7928,1946.1976040259738
7929,2427.3823576508244
7930,1146.8307451311086
7931,2327.059143016144
7932,14006.614840609465
7933,2270.842272817912
7934,2825.410209384179
7935,2830.5338978318778
7936,2453.875372865572
7937,2027.6056070937614
7938,3431.544138867242
7939,2746.8992849434276
7940,2160.7629020547656
7941,3945.977921748325
7942,1453.787636935839
7943,2247.605050371868
7944,2228.8405682862212
7945,2743.5067179951607
7946,3798.070227769499
7947,3768.7269754514523
7948,2249.047929026389
7949,2681.736110068161
7950,2061.5605508815797
7951,3092.1128155815795
7952,1891.1092644820237
7953,2534.5552634370774
7954,1498.49506837165
7955,2592.437947029838
7956,2169.8053195913553
7957,2211.5853936978833
7958,1441.9813623759792
7959,3825.186831888822
7960,2142.0746894075105
7961,1184.9739607014621
7962,3147.811169242538
7963,2902.433808929766
7964,2427.0610410442478
7965,1400.080423528076
7966,1777.8446001117215
7967,3718.25307045297
7968,1288.4333277259832
7969,6985.35899906975
7970,3442.59795926827
7971,2200.7465784406336
7972,2185.248730183505
7973,1759.1142775985018
7974,1947.0771397397873
7975,4122.128844819194
7976,3058.004972271946
7977,2771.861172655927
7978,3703.2492742303884
7979,1808.1236073544187
7980,2125.8351533096757
7981,2067.590141235783
7982,4386.433968843405
7983,2602.7613998451793
7984,1687.7668616079543
7985,2359.129790754721
7986,1968.1699711318468
7987,3083.683764032032
7988,3663.3306793948154
7989,2393.6071024528105
7990,3024.569898372852
7991,17122.51677755031
7992,2203.67222900462
7993,2635.238083678643
7994,1455.6738901013466
7995,2120.057043046957
7996,3760.712205294353
7997,1704.421856401137
7998,2359.595433708366
7999,2237.3447102979308
8000,4224.565945828208
8001,2638.815318879171
8002,3303.458912437622
8003,2123.818933712505
8004,1822.6686142116557
8005,2401.280440789213
8006,1747.135141585987
8007,2782.564496406507
8008,2326.717129359767
8009,2944.287941912019
8010,3611.4060925049553
8011,2382.8379228591493
8012,3294.0930451796094
8013,1422.1042476053067
8014,2111.3372649412786
8015,2600.7540835500467
8016,18712.230386767635
8017,3703.5909476077363
8018,1989.2294836237982
8019,1756.4120122560578
8020,2356.678690246814
8021,2241.7875064630985
8022,2568.4739736792653
8023,2086.0599662635873
8024,3695.954671745877
8025,1961.5826623549958
8026,2916.3729807958807
8027,2285.51085741446
8028,4448.582950509148
8029,4081.955954644249
8030,1979.1953648483184
8031,4714.935067227719
8032,2624.828520586432
8033,1454.5953527182655
8034,2570.431813400943
8035,1080.0395536275776
8036,2148.5040457428026
8037,2288.0582035935654
8038,2299.585835355171
8039,2447.4996438486737
8040,2440.282973790421
8041,2768.412997293417
8042,4020.1755416225715
8043,2119.4235055381814
8044,3517.0906239147894
8045,3835.887751229388
8046,2601.9933341382352
8047,3492.0305734056337
8048,3242.1525711331233
8049,13325.703040749135
8050,2020.7382748993223
8051,2754.2590179106887
8052,2264.369193034487
8053,4155.844540620111
8054,3008.8350585925614
8055,995.9926524203803
8056,4419.892679783731
8057,2857.8404647582993
8058,11524.788463776269
8059,2489.5501035930415
8060,2590.4588651438776
8061,2176.4228911985138
8062,10238.696600250609
8063,3529.430546718281
8064,1343.2851622295514
8065,17586.763846709393
8066,3700.6589395954143
8067,2123.0685942935584
8068,3413.90812722966
8069,2243.371666068238
8070,1778.8283486266287
8071,3501.0145772374176
8072,1956.393548346638
8073,2548.1095033186148
8074,2776.243899984666
8075,3589.2697872768154
8076,1956.3809228282028
8077,2319.2336223030843
8078,1853.5329859637588
8079,4943.86952519596
8080,1425.2549316761897
8081,2236.448046736093
8082,2430.4527307729722
8083,2594.624646468569
8084,2860.193437274395
8085,11814.95141827305
8086,2578.830353279004
8087,2067.238755843201
8088,3062.479046033652
8089,1897.9299560124894
8090,1117.0431203327234
8091,4169.049103918649
8092,2088.9770067525487
8093,2060.1119171100377
8094,3190.7586285413736
8095,2394.8797964896194
8096,1853.5064355737536
8097,1962.6234234106414
8098,2125.715538658836
8099,1925.673694058504
8100,2376.19456975282
8101,3822.0089327061696
8102,4254.615755804787
8103,2504.3444765284326
8104,1922.423409343851
8105,2252.2874083362017
8106,1910.880197791347
8107,2906.004011220649
8108,2286.9816910353807
8109,2378.488589451335
8110,1756.5814388419928
8111,2141.749044986371
8112,2116.774235120535
8113,2680.771554944988
8114,2752.243949263232
8115,2626.480938919973
8116,1412.4148161676449
8117,3050.6562163984872
8118,2818.580937970952
8119,2630.962236729414
8120,2627.598311751414
8121,1975.074663227732
8122,2477.240217044662
8123,4122.056998381731
8124,2785.478756789448
8125,1855.2503761661555
8126,1437.5679711167456
8127,2010.2057453505768
8128,2532.352887848462
8129,2439.676287914005
8130,2240.211916225892
8131,3109.7486228131147
8132,2613.8413418178175
8133,3078.725561076359
8134,3840.2209208387953
8135,1939.3128695322673
8136,2271.0864647475087
8137,12238.378007882133
8138,2260.190196618557
8139,2161.5132382888974
8140,1889.608371974652
8141,4201.551089316175
8142,2591.581204578962
8143,2791.031741489146
8144,2178.4009695749605
8145,2070.073481052304
8146,1841.847931377287
8147,3046.8691442708664
8148,2246.3649950265713
8149,2232.4447173421663
8150,2598.947130647901
8151,1908.9979625518165
8152,1392.1547340305854
8153,3710.4710797034018
8154,3891.4524132905717
8155,3005.9764285554947
8156,1047.113413023697
8157,2544.778742207202
8158,1200.9100145771656
8159,3861.137071017142
8160,1929.8707806007626
8161,20133.5688601058
8162,1865.671732739921
8163,2857.1208264036345
8164,1019.9163211775872
8165,2185.2853965812637
8166,3453.8603901095976
8167,2921.4630141474577
8168,2330.059490301344
8169,2453.022968391055
8170,1828.466406707215
8171,3278.981099814915
8172,2284.2633483161926
8173,2110.034212513141
8174,2288.087410144415
8175,2011.199149147414
8176,4328.705039754803
8177,15361.574112574466
8178,1871.86702713678
8179,2601.6596355297283
8180,3559.3212310279514
8181,4002.501990315365
8182,1972.209487733205
8183,2353.3628921921113
8184,3138.8428871805545
8185,3266.8371195655513
8186,2360.079419331003
8187,1817.312761931605
8188,25972.161223835814
8189,3418.4318781193892
8190,2405.2030857095483
8191,2969.691987769412
8192,3197.5927668221198
8193,4441.961098620122
8194,1438.2727251499398
8195,1218.3194154665937
8196,4423.8505552479655
8197,1966.68326651047
8198,2468.1266054894763
8199,2609.3088374132553
8200,3847.691879257444
8201,3775.603723074202
8202,2278.7492961299063
8203,1836.1217343834917
8204,4211.45039677762
8205,2073.2240737145407
8206,2087.9284917411233
8207,1087.869451261821
8208,2563.4956960775403
8209,4027.628249347583
8210,1534.2664100976738
8211,2701.9084569157785
8212,1243.9888871175465
8213,2217.5920288969187
8214,2195.6640182321757
8215,1919.8685317124166
8216,1619.552839678192
8217,1189.6483206074674
8218,3255.4952857741173
8219,2081.2754579843468
8220,1736.9685060356846
8221,3148.5205412015252
8222,4040.826487374591
8223,2730.4085070333877
8224,3180.8046383953574
8225,3986.382590823431
8226,2294.365348207315
8227,2317.3632248055305
8228,2018.7193251150575
8229,2277.2603954123742
8230,2769.3071074673953
8231,2375.053950408041
8232,1959.0939243177713
8233,2735.3575416644367
8234,2199.764750180849
8235,2379.858869141925
8236,3541.5998611709238
8237,3850.778187365367
8238,3514.726501147423
8239,3309.4656343964666
8240,2468.1880009629217
8241,4524.086205435633
8242,4521.060165235713
8243,1717.8527668570873
8244,2945.8705640637904
8245,2061.5879084119388
8246,2797.166728548279
8247,2124.03679213822
8248,2212.341777531928
8249,2935.9871957623645
8250,8596.442727661166
8251,3508.785158998755
8252,2739.339419249223
8253,2934.5074671432694
8254,2445.6180505826837
8255,8756.652625934963
8256,2590.6409815670368
8257,2176.0050693078733
8258,2280.78092829667
8259,3798.5558879946952
8260,2844.9666617178796
8261,2492.4862539978594
8262,2036.074397100061
8263,2247.0599472086715
8264,1726.145919844888
8265,4405.666369867175
8266,2177.7470087697507
8267,3348.132444024849
8268,4118.749696445875
8269,2116.023409977039
8270,4185.1943953933105
8271,2567.6681847181035
8272,2549.7190403428435
8273,2199.6355767647497
8274,2445.9335499725203
8275,2365.9398559742667
8276,2372.854474541287
8277,1770.4995451069665
8278,3502.67797138775
8279,2324.732838933792
8280,2216.6477246752843
8281,3113.3460945385727
8282,2089.165166830037
8283,2624.6404053772612
8284,3395.47409653179
8285,1296.6999162242535
8286,1133.7552453202559
8287,4183.18176669108
8288,2538.342787620887
8289,1898.4626529216746
8290,2716.022863253855
8291,3538.935508270924
8292,2933.6022761212243
8293,26171.281538599596
8294,3687.4173599269457
8295,1879.2793919526782
8296,2536.3416938049936
8297,2229.213832149653
8298,2348.133836863827
8299,3585.1988122899147
8300,2079.171882882471
8301,1465.3464749425705
8302,2196.198701698608
8303,1710.4408310083027
8304,2734.387441334391
8305,3847.6373044751062
8306,2169.6825915524437
8307,3929.6940178096456
8308,4157.03873702764
8309,1849.5053986078008
8310,2457.7908103836053
8311,2326.1983168916354
8312,2986.255142577814
8313,2843.3868988168
8314,2243.847160368337
8315,4149.78615319528
8316,998.7318265696875
8317,2261.4485619012785
8318,2563.08318385087
8319,2531.442278712461
8320,3007.316295002595
8321,1502.7043720958675
8322,4554.427293860503
8323,4094.314813824484
8324,1885.220544564165
8325,4232.680985420815
8326,2984.456378965171
8327,4396.402053923568
8328,2079.9371231611185
8329,3220.498666154641
8330,2131.949574066778
8331,2761.411309661608
8332,1233.322195662164
8333,2766.5676447897226
8334,2513.4537489845075
8335,1939.6446667882376
8336,1989.7195991103385
8337,2812.5158792636125
8338,2826.4045072687436
8339,2826.328722008463
8340,3393.2297083783074
8341,2387.0512932960673
8342,2544.529708686364
8343,2762.0997455889733
8344,3114.979696987212
8345,1993.6380280058663
8346,2805.7745192879706
8347,1194.6984596192672
8348,2420.2229699212794
8349,2758.3694510828886
8350,1174.687316125098
8351,2387.972362069689
8352,3498.601825418535
8353,2915.592097301728
8354,1908.9053510147903
8355,3024.545762818816
8356,2047.4210389478521
8357,4014.4751370838912
8358,2068.600839501224
8359,2237.23517556945
8360,8338.182370875586
8361,1998.586106603661
8362,1880.16131806972
8363,2111.0041998167767
8364,3779.9713155491595
8365,3534.2863064700555
8366,1777.3008400937065
8367,3696.149647905793
8368,2067.085154088173
8369,1941.7491349721192
8370,2910.153318594922
8371,2118.613663271699
8372,2410.299881622317
8373,3454.924895390829
8374,1235.3320387826225
8375,6864.598443788168
8376,2361.0864135613606
8377,2409.298529802924
8378,2708.584522535313
8379,1889.1396156619307
8380,2001.1887536568695
8381,2282.9925796259445
8382,1287.1990495302935
8383,3705.197895592253
8384,3315.8668400700435
8385,3205.3607276913735
8386,2308.8963151545827
8387,1527.3452020877833
8388,2657.622089194829
8389,7882.2430845837725
8390,2307.904406624827
8391,3935.329780255399
8392,4417.582087115916
8393,1494.9819321299735
8394,2509.7908486693946
8395,2439.073306825737
8396,2642.8392540329746
8397,2171.722113144948
8398,3312.61156176616
8399,4132.5781055581065
8400,3896.7628433385635
8401,2486.1627064750833
8402,2672.7122145197145
8403,2665.786402597911
8404,4773.360409078944
8405,2242.0670665805
8406,2178.5977270673943
8407,2062.193300157658
8408,1674.5297573658554
8409,2220.9429464201908
8410,4074.9323601906367
8411,2621.943176202686
8412,1282.543646358298
8413,3062.1757635156873
8414,4762.696198046133
8415,3204.4799412309217
8416,4384.122717655917
8417,1438.0701246181493
8418,2093.2826296285084
8419,4068.5943920712393
8420,1462.4157989433945
8421,2002.5176901842433
8422,2002.265422957639
8423,3206.8333991186687
8424,1101.170179305445
8425,2525.8182896869566
8426,4226.270240792996
8427,1230.804067219982
8428,3803.1752343098256
8429,2943.697529853225
8430,2901.8685271265667
8431,1470.4123857018833
8432,3402.632871850355
8433,1957.6822015341543
8434,2056.4046063404357
8435,1659.0255022526178
8436,2602.022554340029
8437,3364.4248568117396
8438,2515.1628436864153
8439,2721.735045754956
8440,1325.4858756089402
8441,2859.8587905620475
8442,3589.827342341793
8443,3308.0076859358282
8444,3553.457806926266
8445,2460.8414411559324
8446,2986.0055218102093
8447,2043.858047265735
8448,1986.7124636091835
8449,3447.078116726622
8450,2439.267037643029
8451,4004.3556199347063
8452,2367.676439707414
8453,1812.2126493449523
8454,2895.3918580192308
8455,2345.9135425593995
8456,1917.3138339935167
8457,5021.187968768072
8458,14940.820744165178
8459,1155.1934691187485
8460,2294.777424449241
8461,2048.7365521109127
8462,2198.985838192836
8463,2046.1909118653896
8464,2050.969554726689
8465,2682.0970832596317
8466,3865.21472961623
8467,1577.609279571483
8468,2247.89602743654
8469,2071.8534197628173
8470,1286.644087482415
8471,1569.1423734569817
8472,2219.9526916817913
8473,4440.96061503933
8474,4360.8050717259985
8475,2009.2442458536646
8476,4686.330887119517
8477,2039.6025111691984
8478,3354.7868026309807
8479,3892.1765612998593
8480,2029.8961981346765
8481,2244.2298941991758
8482,3173.3773433758793
8483,3606.411978382834
8484,2232.3126252482616
8485,2596.6611457838694
8486,2618.182001383417
8487,2129.3633201774774
8488,2878.6066140159583
8489,2714.0717648150353
8490,2139.546588190272
8491,1558.5757394751772
8492,3229.0643816453216
8493,2429.874477312844
8494,3053.249384965674
8495,2186.113293140814
8496,1526.035140060391
8497,3237.2079514433794
8498,2214.0506591916005
8499,3709.8590061921045
8500,2999.586781504499
8501,1402.7714509457344
8502,2722.90921058888
8503,3875.6538569327454
8504,2761.5906362636238
8505,2241.895197464461
8506,1120.9835597267786
8507,1994.1960520559076
8508,4197.507463271751
8509,2821.0286187399447
8510,2292.1545563439586
8511,1330.522308340356
8512,2268.019599779507
8513,2861.4049950891085
8514,1040.665871044796
8515,1990.056699826703
8516,2328.9193928289637
8517,2345.4867949398194
8518,2151.31355421436
8519,1907.313422948233
8520,2479.4216652665673
8521,1833.0796393417615
8522,1827.9702688628292
8523,2656.7483672171197
8524,3438.267557852719
8525,2993.1334220905596
8526,2425.205650092675
8527,3494.989759103389
8528,2267.096528396999
8529,2021.0333160316932
8530,9834.373219714562
8531,2496.195757634244
8532,2354.7548245519824
8533,1011.8596638655598
8534,4105.204804443109
8535,2796.92134004658
8536,1859.4343817381714
8537,4292.569883707845
8538,2574.343675109182
8539,2047.6087606137123
8540,1155.6125495978997
8541,2177.853860299483
8542,4238.604816114006
8543,2426.9809183895786
8544,3371.3684056300503
8545,1997.074231156869
8546,1540.5059246827532
8547,3076.985989667327
8548,1728.040730988441
8549,4615.256885591078
8550,2919.4035872598274
8551,11971.399850094167
8552,15077.903953163428
8553,2392.8660024732912
8554,3869.9080157623575
8555,2087.560277624862
8556,3763.8177868372586
8557,2250.3643507392107
8558,2148.7402379235173
8559,1639.7416541579082
8560,1729.5891523357366
8561,2334.1713298809686
8562,3466.643768524089
8563,1993.3955967442005
8564,1645.224602081262
8565,2290.901719807652
8566,2903.3153914256777
8567,4076.474951558156
8568,3600.6823765482527
8569,12126.154671087219
8570,1093.7990340785918
8571,2136.386263284559
8572,3328.151500906864
8573,3594.15619281129
8574,2149.184302153242
8575,2385.8555087500754
8576,3753.130271476567
8577,1919.4176488287208
8578,7249.073356631047
8579,4837.86332602874
8580,2316.9603060445093
8581,3968.2089176146424
8582,3782.8731338219427
8583,3850.3040630289397
8584,2859.3913441480436
8585,2356.463986324502
8586,2462.9162578076484
8587,2329.588369421838
8588,2355.941551435614
8589,1838.7280031239325
8590,2087.6479073351293
8591,2718.132532990961
8592,3123.342678639954
8593,2094.006622707297
8594,3870.0090264011233
8595,2410.761128646873
8596,3079.6630244458775
8597,2546.786512682196
8598,2263.8615909358227
8599,3569.933031443405
8600,2739.2007492177377
8601,2140.9947248625604
8602,2434.4611299262856
8603,3059.945344602692
8604,2451.4988366099496
8605,2491.230907694632
8606,1620.3871008379538
8607,2344.191549536953
8608,2938.0570894423972
8609,4727.765057090323
8610,2298.7681843369887
8611,2450.0372265716032
8612,2614.5322946665783
8613,2956.544554485588
8614,4043.578093316555
8615,2160.509247783516
8616,2271.8305195530033
8617,2782.6047740588824
8618,2887.488175921711
8619,3125.933128286281
8620,1730.9279340224252
8621,2415.383873126502
8622,3484.165979382744
8623,21112.355815734303
8624,5302.759669002071
8625,2510.093240648272
8626,2530.4514146342644
8627,2668.4609434660106
8628,3881.0427651187324
8629,2038.4458744120045
8630,2472.778480391931
8631,4337.6709678251045
8632,1971.960071466117
8633,2693.804377664845
8634,1848.7116332026467
8635,1692.7321647155359
8636,3582.9314062156086
8637,3376.960416779434
8638,2781.1503642919183
8639,2249.02165900818
8640,2702.2616442168105
8641,3268.475585273539
8642,2604.0635851793845
8643,2969.9048687465724
8644,1940.070858581026
8645,4276.8163507815525
8646,2045.7126293561942
8647,4065.8047431193613
8648,2281.5099325524916
8649,2029.057467804002
8650,2514.1834765821827
8651,2620.192981846352
8652,2110.801260644349
8653,1328.4580564802898
8654,4041.0729262898153
8655,2289.3656964486195
8656,3739.3536598065157
8657,4028.4576832872353
8658,3874.354121572627
8659,986.1176772929588
8660,2041.9661742853978
8661,1360.0450509222142
8662,1704.706837545856
8663,3767.3726894957445
8664,3261.4650832508746
8665,2112.5857560689205
8666,3142.5288937431633
8667,1176.3699516001752
8668,2695.9108879848113
8669,3156.706223459267
8670,2528.5378219969693
8671,3254.4014066906884
8672,3189.1550207030814
8673,2300.3877417159074
8674,2422.6595252169154
8675,2593.015148822067
8676,3558.5881478920014
8677,3148.1686527938928
8678,3406.3297512642735
8679,2328.124910831961
8680,3827.858845553396
8681,3989.380040893337
8682,2381.813241309917
8683,3922.370208033832
8684,3148.0774201354493
8685,2630.108595417986
8686,1933.7193773636614
8687,2814.146426053354
8688,3447.3504829010517
8689,2967.2189701359894
8690,2167.456513085608
8691,2080.8033720947074
8692,2849.7438835441153
8693,17287.234651976592
8694,1171.9947964462037
8695,1508.1670704697908
8696,2349.331616509037
8697,2041.604363748178
8698,2315.7849890924294
8699,3344.7644265911817
8700,2932.7589068805933
8701,2618.8214907352276
8702,2574.6636671631
8703,18040.27151370653
8704,2447.0742625523694
8705,2277.4091984214942
8706,2824.951400715522
8707,4177.815703595678
8708,2144.2991154144884
8709,2011.4038021245408
8710,2156.750672129116
8711,2001.3487334612626
8712,11632.902076343544
8713,1939.509150851801
8714,7955.915458114531
8715,1919.0428583275161
8716,4150.911233585568
8717,1906.7349634529392
8718,2101.812385729103
8719,2322.942083709226
8720,4269.855265968981
8721,2091.274055509463
8722,2557.6091278894546
8723,15697.002598161289
8724,3906.4761618812786
8725,3073.804166263419
8726,3090.3307976250544
8727,2907.362257450663
8728,1845.6824788199765
8729,4578.446432680627
8730,2684.833681567164
8731,1833.6381522811569
8732,7153.248072197072
8733,9666.234839331302
8734,2742.043472819089
8735,1960.729652473759
8736,3087.959970411161
8737,2539.799619390928
8738,10635.150466973537
8739,2932.3213713732343
8740,4384.690496391772
8741,2920.112217162158
8742,3866.7504087223174
8743,2383.471849033303
8744,2165.6203118147437
8745,2508.7032791900883
8746,3100.824104637094
8747,2270.132724352587
8748,3328.693165190557
8749,3939.847296681344
8750,3802.364404903492
8751,2714.149541092992
8752,2010.589690102905
8753,1998.1565714716671
8754,2960.4333617830985
8755,2127.8486989648095
8756,2774.1296389582453
8757,1781.6503602340174
8758,1994.8012367029582
8759,1782.3051312199677
8760,2365.9861474250756
8761,11979.708481695767
8762,3034.3532205612187
8763,2569.070245319876
8764,982.5240273508689
8765,2834.163746292947
8766,2763.714508394861
8767,2309.0941121863966
8768,1730.5610550838733
8769,2160.814489116402
8770,2083.2431731270076
8771,2214.565587612058
8772,2630.2839332059525
8773,3571.89001560295
8774,2059.852354952918
8775,3850.6506526408766
8776,1929.8624702943248
8777,1973.2105075053212
8778,2114.365397726649
8779,2808.6527250010663
8780,1435.7564083437564
8781,2022.9017021275308
8782,14066.737470271912
8783,2975.238765557823
8784,2276.406726529013
8785,1052.6945724192078
8786,3566.8732995254277
8787,1986.3835976429589
8788,1993.0858910964025
8789,2412.4696654245527
8790,2711.926579233567
8791,1276.245615761872
8792,2340.480432288278
8793,3850.566769252795
8794,1153.9708999400232
8795,2177.4959356663408
8796,3857.0415926657624
8797,2000.3320233930613
8798,30304.736292301834
8799,2091.7710255305565
8800,2458.847405332122
8801,12969.112844118334
8802,2284.160899492099
8803,1899.6652596521462
8804,2530.8707467309237
8805,3685.5411731920262
8806,3909.059978100372
8807,2506.295524083211
8808,1348.515274107062
8809,1235.2599452750997
8810,3926.750762590007
8811,1268.2650484608141
8812,2100.503976728883
8813,2569.491006646522
8814,3461.9661339685886
8815,1461.648727661024
8816,2321.835105628187
8817,3536.156012988868
8818,3043.804350272856
8819,1858.5807355502532
8820,3249.511777135191
8821,2332.3471841652663
8822,4004.1718232386283
8823,2644.216089669747
8824,2963.7526457985578
8825,2023.7885216533386
8826,2224.3019240972776
8827,2811.4742409683686
8828,2035.818851017441
8829,2670.288098110944
8830,3680.1865244052087
8831,4480.126541684073
8832,2312.1460784835012
8833,2205.7550946435576
8834,3586.963431567484
8835,3494.52593035609
8836,3317.1914651658094
8837,2682.1080610157487
8838,1998.003372306029
8839,2022.279112898886
8840,1993.5016185474256
8841,2673.11969103651
8842,3407.0027798094115
8843,1969.6933310737659
8844,3089.6615653640088
8845,4453.944478363377
8846,3001.3941967768505
8847,3755.6888528345407
8848,2268.552355484032
8849,2381.6840463100657
8850,2357.1879525016643
8851,2999.3276100113067
8852,3196.7332945358917
8853,3782.757591636587
8854,1274.554641236361
8855,3039.949705674469
8856,3283.0752958577827
8857,2891.1859107199803
8858,2490.023131761948
8859,2557.6584614258545
8860,3865.129993218127
8861,2506.7043025048424
8862,4090.7669778273494
8863,3768.140433295886
8864,2923.9318398423916
8865,2284.9543553033964
8866,2797.8780876474275
8867,2340.644832911112
8868,2072.932647297315
8869,2715.066114611713
8870,2111.697843008622
8871,3741.785639704125
8872,1950.7455625465689
8873,2536.938391013219
8874,1958.738412215893
8875,3114.407134936037
8876,2213.776516226292
8877,1256.5000482798073
8878,2530.1858244399587
8879,2209.311727831382
8880,2099.6015412714073
8881,2654.9853589396644
8882,2729.4759780544
8883,2038.384927245536
8884,3123.517273754814
8885,3294.0887305774604
8886,1747.2539495567817
8887,2398.0506523134327
8888,1640.4079350661548
8889,1727.4871984184563
8890,1439.7150788794004
8891,2983.5071441220366
8892,2707.4141162712212
8893,2290.319145141685
8894,4097.6723194347605
8895,2583.0440606961165
8896,18182.999281948127
8897,3964.620187035994
8898,3766.477076202162
8899,2051.359868605048
8900,2073.250676683094
8901,2941.420271286677
8902,2294.7236878019207
8903,4046.693260981002
8904,2290.00938574787
8905,1663.9364669004883
8906,3334.5965207867966
8907,2436.2672065779975
8908,2147.2696927176617
8909,1330.1486276625897
8910,4706.633327861351
8911,1954.2149323657397
8912,3115.9436346773173
8913,1965.7634490673627
8914,1941.1429072366525
8915,4609.72184992984
8916,2027.3942263513254
8917,3006.4175515984266
8918,4466.876809709863
8919,2038.8994148608917
8920,2652.501530065496
8921,2423.5696915593107
8922,3918.1663651798576
8923,2402.1156462937
8924,1932.7970080939824
8925,4138.8353511266805
8926,4460.693821797265
8927,2220.9574850783033
8928,1990.3778521791353
8929,2089.9570434324805
8930,2639.414481818476
8931,2119.206003390292
8932,2066.35589704729
8933,4670.732138131092
8934,2969.0262319653148
8935,4440.581502649141
8936,1663.2018851679975
8937,3691.9383569014913
8938,2020.8166573390452
8939,2081.003592329814
8940,1877.262515831959
8941,2231.820488821716
8942,3676.3094872178945
8943,20728.687413942687
8944,2167.7588153319
8945,2339.479441321239
8946,1976.7310501007198
8947,2728.1956436639584
8948,3574.5740892438466
8949,2995.9620103524903
8950,2214.1923425168948
8951,3179.269819868045
8952,2371.2939124924915
8953,1744.9057289528685
8954,2981.8984997979233
8955,2056.6934973847974
8956,3491.5685906554377
8957,2200.3759261465225
8958,2391.89356534406
8959,1827.0125306564084
8960,2070.6442503208236
8961,1953.9567440416474
8962,2508.0348002099067
8963,2696.58597689298
8964,2030.3905192963075
8965,2165.170116398407
8966,2586.5153423039756
8967,2040.0961129159998
8968,2003.9457876013246
8969,3170.461717621278
8970,2744.130893799386
8971,2713.2306194394537
8972,2248.7815002479997
8973,2251.481331134414
8974,2973.410918236937
8975,3805.3437016686444
8976,4481.046870909019
8977,2660.8234664383353
8978,4068.8578725338443
8979,1961.01934500316
8980,1720.8814361678285
8981,2078.6445946134972
8982,1941.2454129721084
8983,2244.930560852327
8984,2525.5549857453884
8985,1308.593811385176
8986,2576.5419799080823
8987,3381.37082738241
8988,2525.2315252043104
8989,8570.480395672377
8990,2726.4849862732185
8991,4330.215587409757
8992,2561.293921161441
8993,1016.2580176475759
8994,2162.570229598432
8995,21638.548111329226
8996,2239.6891803557655
8997,2433.4738473034076
8998,2101.3608754372776
8999,2154.769572682127
